#UC10

mysql> SELECT * FROM addressbook;
+-----------+----------+--------------+---------+---------------+----------+---------------+--------+-------------+--------------------+
| firstname | lastname | name         | type    | address       | city     | state         | zip    | phonenumber | email              |
+-----------+----------+--------------+---------+---------------+----------+---------------+--------+-------------+--------------------+
| Mangesh   | Labade   | Addressbook1 | Family  | Shivaji Nagar | Amravati | Maharashtra   | 456123 | 7894561230  | rahul@gmail.com    |
| Altamsh   | Bagwan   | Addressbook1 | Family  | Arjun Nagar   | Satara   | Maharashtra   | 456123 | 98765463112 | altamash@gmail.com |
| Shailesh  | Dubey    | Addressbook2 | Friends | Bhuj nagar    | Patna    | Uttar Pradesh | 753951 | 9510423678  | shailesh@gmail.com |
+-----------+----------+--------------+---------+---------------+----------+---------------+--------+-------------+--------------------+
3 rows in set (0.00 sec)

mysql> SELECT count(*) from addressbook WHERE type ='Friends';
+----------+
| count(*) |
+----------+
|        1 |
+----------+
1 row in set (0.00 sec)

mysql>